{
    "Z0": 49.02017074449298,
    "unloaded": {
        "Z0": 49.02017074449298,
        "C": 1.881e-14,
        "L": 4.52e-11,
        "Lf": 1.02e-09
    },
    "loaded": {
        "Z0": 80.35634920242991,
        "C": 7e-15,
        "L": 4.52e-11,
        "Lf": 3.35e-10
    },
    "N_l": 6,
    "N_u": 60,
    "N_sc": 1000
}
